{
  "epoch": [
    1,
    2,
    3,
    4,
    5,
    6,
    7,
    8,
    9,
    10,
    11,
    12,
    13,
    14,
    15,
    16,
    17,
    18,
    19,
    20,
    21,
    22,
    23,
    24,
    25,
    26,
    27
  ],
  "train_loss": [
    0.11251656226813793,
    0.10959271863102912,
    0.10720807462930679,
    0.1015835464000702,
    0.09822870567440986,
    0.09783828742802143,
    0.09488454274833202,
    0.09535481706261635,
    0.09272871427237987,
    0.0919655904173851,
    0.09322041980922222,
    0.09239000007510186,
    0.09061356782913207,
    0.09065462090075016,
    0.09047883376479149,
    0.09109625928103923,
    0.09152615107595921,
    0.09024887382984162,
    0.08966985680162906,
    0.08979028947651387,
    0.09040693752467632,
    0.08899410218000411,
    0.09102521352469921,
    0.08789206519722939,
    0.08782185912132263,
    0.08803468346595764,
    0.08857508972287179
  ],
  "val_loss": [
    0.12765524201095105,
    0.13067518540192397,
    0.13061679918318986,
    0.1400552130769938,
    0.12731835596496238,
    0.1390138217713684,
    0.1287449873634614,
    0.13373099267482758,
    0.13501703494694084,
    0.13799306857399643,
    0.13477082815952598,
    0.13772637243382632,
    0.1348542636493221,
    0.13919129460118712,
    0.13427119336556642,
    0.13618407659232618,
    0.13188404067186638,
    0.13948916357476265,
    0.133673136937432,
    0.13681350955739618,
    0.14018450784496964,
    0.13117534063057973,
    0.1330001591006294,
    0.13475504310335965,
    0.1373380014440045,
    0.13883486837148667,
    0.1382644580793567
  ],
  "val_rmse": [
    1.0676747099465318,
    1.0598503379701762,
    0.9869726603345915,
    1.1160595632760053,
    1.057610462724,
    1.0179667911962313,
    1.0340553515454458,
    0.9967896862479608,
    0.9831127141648265,
    0.9720813286922004,
    0.9675705417810583,
    0.955689035421873,
    0.9885686090623462,
    0.9763186411308408,
    0.9856306990950456,
    0.9929871007288127,
    0.9938089748458266,
    0.9880229955517563,
    0.9809338895611157,
    1.0081244236936155,
    0.9961956144819052,
    0.9937737279931027,
    0.9915963929758577,
    1.019579271573533,
    1.003266857569679,
    1.011801707645335,
    1.0277066521692912
  ]
}