{
  "train": {
    "loss": 0.09063345152171678,
    "RMSE": 0.8768956002589356,
    "MAE": 0.5862357996204546,
    "MAPE": 30.501931921974286,
    "R2": 0.8286256240616787,
    "Cmax_pct_err": 16.386574506759644,
    "AUC_pct_err": 16.20355397462845
  },
  "val": {
    "loss": 0.13772637243382632,
    "RMSE": 0.955689035421873,
    "MAE": 0.658784043416157,
    "MAPE": 45.53757516127584,
    "R2": 0.8447377064355772,
    "Cmax_pct_err": 20.35452127456665,
    "AUC_pct_err": 23.03837537765503
  },
  "test": {
    "loss": 0.10289985288400202,
    "RMSE": 0.9438916484734816,
    "MAE": 0.6834797784411841,
    "MAPE": 27.321344416072176,
    "R2": 0.7998110254610844,
    "Cmax_pct_err": 19.986210763454437,
    "AUC_pct_err": 20.993009209632874
  },
  "best_epoch": 12,
  "n_epochs": 27,
  "n_train_patients": 160,
  "n_val_patients": 20,
  "n_test_patients": 20
}