{
  "train": {
    "loss": 0.34563766916592914,
    "rmse": 1.3550920276739178
  },
  "val": {
    "loss": 2.3436983972787857,
    "rmse": 1.564074289600929
  },
  "n_train": 9,
  "n_val": 3,
  "n_epochs": 205,
  "elapsed_seconds": 140.22
}