{
  "epoch": [
    1,
    2,
    3,
    4,
    5,
    6,
    7,
    8,
    9,
    10,
    11,
    12,
    13,
    14,
    15,
    16,
    17,
    18,
    19,
    20,
    21,
    22,
    23,
    24,
    25,
    26,
    27,
    28,
    29,
    30,
    31,
    32,
    33,
    34,
    35,
    36,
    37,
    38,
    39,
    40,
    41,
    42,
    43,
    44,
    45,
    46,
    47,
    48,
    49,
    50,
    51,
    52,
    53,
    54,
    55,
    56,
    57,
    58,
    59,
    60,
    61,
    62,
    63,
    64,
    65,
    66,
    67,
    68,
    69,
    70,
    71,
    72,
    73,
    74,
    75,
    76,
    77,
    78,
    79,
    80,
    81,
    82,
    83,
    84,
    85,
    86,
    87,
    88,
    89,
    90,
    91,
    92,
    93,
    94,
    95,
    96,
    97,
    98,
    99,
    100
  ],
  "train_loss": [
    0.15194178819656373,
    0.15152115151286125,
    0.14904200583696364,
    0.14808160290122033,
    0.14780977889895439,
    0.147428098320961,
    0.14789469838142394,
    0.14724525436758995,
    0.14690955728292465,
    0.14738670065999032,
    0.1496933601796627,
    0.14926621839404106,
    0.14788024351000786,
    0.14730959087610246,
    0.14788987264037132,
    0.14709290191531182,
    0.14703824743628502,
    0.14730371236801149,
    0.1470918446779251,
    0.14745839685201645,
    0.1481512613594532,
    0.14778007715940475,
    0.14801844581961632,
    0.14938660934567452,
    0.1467140644788742,
    0.14711433723568917,
    0.14612695425748826,
    0.14800397753715516,
    0.14750947505235673,
    0.14616490676999092,
    0.14598242193460464,
    0.14671473652124406,
    0.14861844703555108,
    0.1468100890517235,
    0.14596185758709906,
    0.14496767967939378,
    0.14605432152748107,
    0.14547512978315352,
    0.14411219209432602,
    0.14694870710372926,
    0.14470990598201752,
    0.1448200486600399,
    0.14561604857444763,
    0.14608426690101622,
    0.142689061909914,
    0.14376052916049958,
    0.14264033660292624,
    0.1441497892141342,
    0.14402561634778976,
    0.1440392717719078,
    0.14416583105921746,
    0.14509147331118583,
    0.1467331625521183,
    0.14447048008441926,
    0.1431401938199997,
    0.14371225535869597,
    0.14417349100112914,
    0.14261190816760064,
    0.14244104102253913,
    0.14041242450475694,
    0.14640190228819847,
    0.14388712346553803,
    0.14336488842964173,
    0.14452318474650383,
    0.14295103922486305,
    0.14311912804841995,
    0.14519778192043303,
    0.14379557073116303,
    0.14305752888321877,
    0.1477571301162243,
    0.14284153357148172,
    0.13954875320196153,
    0.14037945121526718,
    0.14281632527709007,
    0.14062972143292427,
    0.140081924200058,
    0.14001244455575942,
    0.13909605592489244,
    0.14128863736987113,
    0.14285313040018083,
    0.1459933988749981,
    0.1402817264199257,
    0.14469535872340203,
    0.14130149632692338,
    0.14353448897600174,
    0.14081973284482957,
    0.14038555175065995,
    0.14103112518787383,
    0.14352378249168396,
    0.14298946261405945,
    0.13916271701455116,
    0.1417287029325962,
    0.1408141851425171,
    0.1451035685837269,
    0.14462496042251588,
    0.14284876063466073,
    0.13979058042168618,
    0.14173695519566537,
    0.14209248945116998,
    0.1479458585381508
  ],
  "val_loss": [
    0.13898303706664591,
    0.13751725489273667,
    0.1367510481039062,
    0.1368497235351242,
    0.13852382549084724,
    0.13706302272621543,
    0.13708474279846997,
    0.13584565566852688,
    0.1355999020393938,
    0.13575021491851658,
    0.13718758278992027,
    0.1365274186129682,
    0.13656089019495993,
    0.1369391764048487,
    0.137774048326537,
    0.13685291844885797,
    0.13605531461071224,
    0.1361122656846419,
    0.13599814216140657,
    0.13623180473223329,
    0.13594154694583266,
    0.13677351218648254,
    0.13627735059708357,
    0.1397368226898834,
    0.13676732280291617,
    0.1373503986513242,
    0.13923040167428552,
    0.13890788548160343,
    0.13794890623539685,
    0.13786326055414974,
    0.13905588949564845,
    0.1373772770166397,
    0.13899465319700538,
    0.13536621008533983,
    0.13565798862837256,
    0.13733245069161057,
    0.1372135127428919,
    0.13694495842792093,
    0.1384304229170084,
    0.13800333871040493,
    0.14402595367282628,
    0.14319654661230743,
    0.1373966949991882,
    0.1407799564069137,
    0.14116887857671828,
    0.141942742257379,
    0.1456253784475848,
    0.1384755095234141,
    0.14748194350395352,
    0.15412368217948824,
    0.1495975357713178,
    0.14626260953955353,
    0.1373273907927796,
    0.1406459898222238,
    0.1451586559182033,
    0.1428066415246576,
    0.14099332704208792,
    0.14216479966416956,
    0.144023743737489,
    0.141899101017043,
    0.13924125037156046,
    0.1488383577670902,
    0.1502480107359588,
    0.13706420930102467,
    0.14162568408064544,
    0.14521096947137266,
    0.1462056762771681,
    0.15667751329019666,
    0.1392440211493522,
    0.151109656621702,
    0.1514566088677384,
    0.16609441364416852,
    0.17040514638647436,
    0.15665819940622897,
    0.1524779411731288,
    0.1582757260184735,
    0.1593463705619797,
    0.1664818350924179,
    0.1593632475240156,
    0.16159419445320963,
    0.15352110806852579,
    0.1577738276566379,
    0.14662353917956353,
    0.15072596233803778,
    0.16071536880917847,
    0.15815760754048824,
    0.1526550068054348,
    0.16599055221304299,
    0.17413585202302784,
    0.17970648300834,
    0.1821877615293488,
    0.17158814596477895,
    0.1637922429246828,
    0.15336536352988334,
    0.152679241867736,
    0.1528186254668981,
    0.15254864830058068,
    0.1641309481114149,
    0.1562750386307016,
    0.14057081199716775
  ],