{
  "train": {
    "loss": 0.14429392869351432,
    "RMSE": 0.7384066205334245,
    "MAE": 0.5057837057037396,
    "MAPE": 64.04435697814769,
    "R2": 0.8105914918690234,
    "Cmax_pct_err": 19.38181221485138,
    "AUC_pct_err": 19.99063491821289
  },
  "val": {
    "loss": 0.13565798862837256,
    "RMSE": 0.6516338992357853,
    "MAE": 0.4438100246933643,
    "MAPE": 45.48497553278579,
    "R2": 0.8419216215317747,
    "Cmax_pct_err": 18.85475218296051,
    "AUC_pct_err": 19.361911714076996
  },
  "test": {
    "loss": 0.1878446432761848,
    "RMSE": 0.6605755478292807,
    "MAE": 0.47477521389509303,
    "MAPE": 28.019579198456668,
    "R2": 0.7475718637636888,
    "Cmax_pct_err": 22.79045581817627,
    "AUC_pct_err": 18.07481199502945
  },
  "best_epoch": 35,
  "n_epochs": 100,
  "n_train_patients": 160,
  "n_val_patients": 20,
  "n_test_patients": 20
}