{
  "label_mean": 1.104434907961854,
  "label_std": 2.570100393191145
}