{
  "epoch": [
    1,
    2,
    3,
    4,
    5,
    6,
    7,
    8,
    9,
    10,
    11,
    12,
    13,
    14,
    15,
    16,
    17,
    18
  ],
  "train_loss": [
    0.11374159082770348,
    0.10932452455163003,
    0.10766830444335937,
    0.10856208354234695,
    0.10815324410796165,
    0.10838338881731033,
    0.1078241966664791,
    0.10798315405845642,
    0.1076663762331009,
    0.10769623294472694,
    0.10749632716178895,
    0.1077048845589161,
    0.10800495892763137,
    0.10749726444482803,
    0.1075772549957037,
    0.10799674838781356,
    0.10759168863296509,
    0.10768256336450577
  ],
  "val_loss": [
    0.10540003632195294,
    0.10489169484935701,
    0.10591744030825793,
    0.10517983213067054,
    0.10505223576910794,
    0.10484795912634581,
    0.10488428485114128,
    0.10522940615192056,
    0.10506891962140799,
    0.10490268466528505,
    0.10472612576559186,
    0.10486394269391894,
    0.10455784173682332,
    0.1046743419021368,
    0.10476651270873845,
    0.10475336944218724,
    0.10484870281070471,
    0.1050613137660548
  ],
  "val_rmse": [
    0.9826231346573866,
    0.9889877111875616,
    0.9718474626406142,
    0.9743295391265576,
    0.9767471441009679,
    0.9770915029158761,
    0.9756448973864553,
    0.9743590792430832,
    0.9769474911321521,
    0.9763184691236224,
    0.977073209135917,
    0.9744923228718138,
    0.9784636039745194,
    0.9757952558910096,
    0.9757004722413231,
    0.9776556666721024,
    0.9767316461387061,
    0.9754996728023947
  ]
}