{
  "train": {
    "loss": 0.10794986177934333,
    "RMSE": 1.1299997671065196,
    "MAE": 0.7418352134252175,
    "MAPE": 2702973.2196427505,
    "R2": 0.9240610894442677,
    "Cmax_pct_err": 14.392383396625519,
    "AUC_pct_err": 17.543502151966095
  },
  "val": {
    "loss": 0.10591744030825793,
    "RMSE": 0.9718474626406142,
    "MAE": 0.6879882310530565,
    "MAPE": 264941.10336583364,
    "R2": 0.9294422664459313,
    "Cmax_pct_err": 17.09657460451126,
    "AUC_pct_err": 15.053306519985199
  },
  "test": {
    "loss": 0.10848252438008785,
    "RMSE": 0.9437376562322103,
    "MAE": 0.6542504182895824,
    "MAPE": 621209.2578006408,
    "R2": 0.9288735703357398,
    "Cmax_pct_err": 13.324865698814392,
    "AUC_pct_err": 17.92859584093094
  },
  "best_epoch": 3,
  "n_epochs": 18,
  "n_train_patients": 160,
  "n_val_patients": 20,
  "n_test_patients": 20
}