{
  "epoch": [
    1,
    2,
    3,
    4,
    5,
    6,
    7,
    8,
    9,
    10,
    11,
    12,
    13,
    14,
    15,
    16,
    17,
    18
  ],
  "train_loss": [
    0.1446843408048153,
    0.1457851231098175,
    0.14911195263266563,
    0.14309334456920625,
    0.14193411469459533,
    0.14242316484451295,
    0.1416628524661064,
    0.1422492153942585,
    0.14147831872105598,
    0.14158253967761994,
    0.1414426364004612,
    0.14165702015161513,
    0.14188968911767005,
    0.1418437823653221,
    0.1415534421801567,
    0.1412413701415062,
    0.141701028496027,
    0.14153837338089942
  ],
  "val_loss": [
    0.1535501465201378,
    0.17130501284264027,
    0.14055189602077006,
    0.14953806344419718,
    0.1452134631574154,
    0.14777158070355653,
    0.1473957121372223,
    0.14808792453259229,
    0.14718054020777344,
    0.1468442915007472,
    0.14702570335939527,
    0.14722923673689364,
    0.14747983356937766,
    0.14661632226780058,
    0.14812169410288334,
    0.14812322622165083,
    0.14809577381238342,
    0.1474219777621329
  ],
  "val_rmse": [
    0.005614057726963706,
    0.0060664417313593235,
    0.005283395302938756,
    0.005563142040490069,
    0.005364399378746977,
    0.005463089648269196,
    0.005432862186690601,
    0.005479345498991632,
    0.005460673822665739,
    0.005442456852538436,
    0.005450085740046971,
    0.005449226758735136,
    0.005460801704981821,
    0.005420428548703599,
    0.005466340747895456,
    0.0054727037822877005,
    0.0054644421943785045,
    0.005458336963869016
  ]
}