{
  "train": {
    "loss": 0.14240711776074022,
    "RMSE": 0.004538799423884095,
    "MAE": 0.002788441254548791,
    "MAPE": 14693.606497974633,
    "R2": 0.866861434821808,
    "Cmax_pct_err": 17.518314719200134,
    "AUC_pct_err": 22.257189452648163
  },
  "val": {
    "loss": 0.14055189602077006,
    "RMSE": 0.005283395302938756,
    "MAE": 0.0029788323565897966,
    "MAPE": 25190.49532578336,
    "R2": 0.8548113062590208,
    "Cmax_pct_err": 15.611299872398376,
    "AUC_pct_err": 23.716039955615997
  },
  "test": {
    "loss": 0.07845493103377521,
    "RMSE": 0.0032298199077304157,
    "MAE": 0.0019410565972324506,
    "MAPE": 6295.359176486226,
    "R2": 0.9199409009893096,
    "Cmax_pct_err": 11.60033568739891,
    "AUC_pct_err": 16.412118077278137
  },
  "best_epoch": 3,
  "n_epochs": 18,
  "n_train_patients": 160,
  "n_val_patients": 20,
  "n_test_patients": 20
}