{
  "mean": [
    70.64056251638056,
    7.5,
    0.11210051636125717,
    45.14156368121346,
    0.53125
  ],
  "std": [
    15.273813697964144,
    1.0,
    0.02883280394973631,
    14.049104331683994,
    0.4990224819584785
  ],
  "feature_names": [
    "weight_kg",
    "dose_mg",
    "dose_mgkg",
    "age_years",
    "sex"
  ]
}