{
  "epoch": [
    1,
    2,
    3,
    4,
    5,
    6,
    7,
    8,
    9,
    10,
    11,
    12,
    13,
    14,
    15,
    16,
    17,
    18,
    19,
    20,
    21,
    22,
    23,
    24,
    25,
    26,
    27,
    28,
    29,
    30,
    31,
    32,
    33,
    34,
    35,
    36,
    37,
    38,
    39,
    40,
    41,
    42,
    43,
    44,
    45,
    46,
    47,
    48,
    49,
    50,
    51,
    52,
    53,
    54,
    55,
    56,
    57,
    58,
    59,
    60,
    61,
    62,
    63,
    64,
    65,
    66,
    67,
    68,
    69,
    70,
    71,
    72,
    73,
    74,
    75,
    76,
    77,
    78,
    79,
    80,
    81,
    82,
    83,
    84,
    85,
    86,
    87,
    88,
    89,
    90,
    91,
    92,
    93,
    94,
    95,
    96,
    97,
    98,
    99,
    100
  ],
  "train_loss": [
    0.14617306664586066,
    0.14298717454075813,
    0.14726913273334502,
    0.1448515921831131,
    0.14144888520240784,
    0.14270589426159858,
    0.14160924032330513,
    0.1410343885421753,
    0.1409605100750923,
    0.14168834760785104,
    0.1419665016233921,
    0.1405305154621601,
    0.14154789671301843,
    0.14065900519490243,
    0.1404970794916153,
    0.13919495940208435,
    0.14127164632081984,
    0.13916804417967796,
    0.14011182710528375,
    0.1408911354839802,
    0.14062800854444504,
    0.14020474031567573,
    0.13878115117549897,
    0.1397147595882416,
    0.1386195570230484,
    0.14015834555029869,
    0.13961730599403382,
    0.1381290890276432,
    0.13970087766647338,
    0.13917357102036476,
    0.13854600265622138,
    0.13712826929986477,
    0.13754022493958473,
    0.13712566196918488,
    0.1397392012178898,
    0.14168522953987123,
    0.13911590054631234,
    0.13797680288553238,
    0.13862260356545447,
    0.1398901015520096,
    0.13716764897108077,
    0.13843355029821397,
    0.13735783621668815,
    0.13956767246127127,
    0.1371044009923935,
    0.13667038828134537,
    0.13865050822496414,
    0.14095018580555915,
    0.14214761406183243,
    0.13734236136078834,
    0.14144167304039001,
    0.1393823079764843,
    0.13697860017418861,
    0.1355181559920311,
    0.1383659817278385,
    0.13548821061849595,
    0.13601282835006714,
    0.13856804743409157,
    0.13748323544859886,
    0.13793162405490875,
    0.13600046038627625,
    0.13535187989473343,
    0.1341442123055458,
    0.13450783714652062,
    0.134666033834219,
    0.13606971651315689,
    0.13534594774246217,
    0.13526858389377594,
    0.13728031069040297,
    0.14090527445077897,
    0.1422768861055374,
    0.13776050880551338,
    0.13639063090085984,
    0.13629337698221206,
    0.13766486048698426,
    0.13719434589147567,
    0.13535748720169066,
    0.13952851071953773,
    0.13635513707995414,
    0.1359437048435211,
    0.13535536155104638,
    0.1367923952639103,
    0.13771068230271338,
    0.13812081515789032,
    0.13566659688949584,
    0.13458356410264968,
    0.13382895514369011,
    0.1377849742770195,
    0.1380550816655159,
    0.13996613211929798,
    0.1353977181017399,
    0.13490901216864587,
    0.13625370636582373,
    0.13484188318252563,
    0.13734248727560044,
    0.13354546427726746,
    0.13488043397665023,
    0.13829296603798866,
    0.13796380534768105,
    0.13820030987262727
  ],
  "val_loss": [
    0.1424792930483818,
    0.14415693189948797,
    0.14299799036234617,
    0.14279325176030397,
    0.14513371083885432,
    0.14918177295476198,
    0.14810726530849933,
    0.1478786149993539,
    0.15179887395352126,
    0.14438592307269574,
    0.14140037205070258,
    0.14673275025561452,
    0.1503487156704068,
    0.1492012652568519,
    0.1471000023186207,
    0.14874750981107354,
    0.14924838664010168,
    0.15077203400433065,
    0.1475004952400923,
    0.14800222162157298,
    0.15017925575375557,
    0.147181030921638,
    0.1489425458945334,
    0.14984556110575795,
    0.14959995802491904,
    0.14851963771507143,
    0.1501786656677723,
    0.15007359990850092,
    0.14832591963931918,
    0.1498643505387008,
    0.1496856903657317,
    0.14829460717737675,
    0.14999049864709377,
    0.1514155506156385,
    0.1467435033991933,
    0.14861080311238767,
    0.14752310486510395,
    0.14949839636683465,
    0.15127784023061394,
    0.1520022673532367,
    0.1500990758650005,
    0.1488262173719704,
    0.15138572007417678,
    0.15087656592950224,
    0.15215465994551777,
    0.15237020226195455,
    0.15117914089933038,
    0.15139343682676554,
    0.15000353883951903,
    0.1484405723400414,
    0.1504394662566483,
    0.15119608566164972,
    0.1508602642454207,
    0.1502970289438963,
    0.14994283067062497,
    0.15041570831090212,
    0.15119433477520944,
    0.15181428650394083,
    0.15111197466030718,
    0.1504234650172293,
    0.15212391689419746,
    0.15162133248522877,
    0.15036121290177107,
    0.15057840729132294,
    0.15149841038510203,
    0.15010215174406766,
    0.15250059496611357,
    0.1549515625461936,
    0.15468396609649063,
    0.15646880865097046,
    0.15561131602153183,
    0.15231931721791625,
    0.15036673042923213,
    0.1524812014773488,
    0.15210899729281663,
    0.15160312792286276,
    0.15104536237195135,
    0.15336180822923778,
    0.15187513614073395,
    0.14971079714596272,
    0.15245380150154234,
    0.152955758292228,
    0.1528285939246416,
    0.15195400174707174,
    0.15236340016126632,
    0.15246746651828288,
    0.15339292334392668,
    0.153376732300967,
    0.15383385019376875,
    0.15152966184541583,
    0.1529090316966176,
    0.15201105671003462,
    0.15349362287670373,
    0.15324097443372012,
    0.15328016532585026,
    0.15194291705265642,
    0.15541874868795275,
    0.1535733493976295,
    0.15240272218361497,
    0.15077002076432108
  ],