{
  "train": {
    "loss": 0.14383155367249856,
    "RMSE": 0.004482916631157468,
    "MAE": 0.0027825505883576776,
    "MAPE": 15866.470942490256,
    "R2": 0.8701197203996265,
    "Cmax_pct_err": 17.57483333349228,
    "AUC_pct_err": 22.367465496063232
  },
  "val": {
    "loss": 0.14299799036234617,
    "RMSE": 0.005231683803715946,
    "MAE": 0.0029911456015729353,
    "MAPE": 27362.836223907107,
    "R2": 0.8576394811340315,
    "Cmax_pct_err": 15.323294699192047,
    "AUC_pct_err": 25.034156441688538
  },
  "test": {
    "loss": 0.07970257066190242,
    "RMSE": 0.0031750582806573295,
    "MAE": 0.0019392948480742962,
    "MAPE": 6993.933598193806,
    "R2": 0.9226326917736779,
    "Cmax_pct_err": 11.648552119731903,
    "AUC_pct_err": 17.19590872526169
  },
  "best_epoch": 3,
  "n_epochs": 100,
  "n_train_patients": 160,
  "n_val_patients": 20,
  "n_test_patients": 20
}