{
  "epoch": [
    1,
    2,
    3,
    4,
    5,
    6,
    7,
    8,
    9,
    10,
    11,
    12,
    13,
    14,
    15,
    16,
    17,
    18,
    19,
    20,
    21,
    22,
    23,
    24,
    25,
    26,
    27,
    28,
    29,
    30,
    31,
    32,
    33,
    34,
    35,
    36,
    37,
    38,
    39,
    40,
    41,
    42,
    43,
    44,
    45,
    46,
    47,
    48
  ],
  "train_loss": [
    0.11353329047560692,
    0.11290082558989525,
    0.11232679858803749,
    0.1114217597991228,
    0.11210828498005868,
    0.11131857857108116,
    0.11198155507445336,
    0.11129730939865112,
    0.11094779372215272,
    0.11004950776696205,
    0.10967069640755653,
    0.11040344014763832,
    0.10912745259702206,
    0.11164313778281212,
    0.10931688919663429,
    0.11265886649489402,
    0.11065661385655404,
    0.11025625541806221,
    0.10979977697134018,
    0.10998955070972442,
    0.11014296188950538,
    0.10908156856894494,
    0.1089518204331398,
    0.1086229920387268,
    0.10961336642503738,
    0.10740127488970756,
    0.1074244998395443,
    0.10951468497514724,
    0.10919426679611206,
    0.10918811708688736,
    0.1103163167834282,
    0.11080626770853996,
    0.10877093859016895,
    0.10889741405844688,
    0.10911817476153374,
    0.10888856127858162,
    0.10762029290199279,
    0.10860857143998146,
    0.11103512533009052,
    0.1103858582675457,
    0.10820713639259338,
    0.1069535568356514,
    0.10739946141839027,
    0.10766694396734237,
    0.10822444409132004,
    0.10737602859735489,
    0.10766333341598511,
    0.10769136846065522
  ],
  "val_loss": [
    0.1341366406995803,
    0.13166103982366623,
    0.13306601950898767,
    0.13326153180096298,
    0.13414533766917885,
    0.13440105628687887,
    0.13374480423517526,
    0.1340383289847523,
    0.13514227326959372,
    0.13359667819458992,
    0.1339975549839437,
    0.1370108142727986,
    0.1354989068582654,
    0.13829579290468247,
    0.13487536993343383,
    0.13603006491903216,
    0.13501124405302106,
    0.1354120940901339,
    0.13554566451348365,
    0.13449645871296526,
    0.13678679049480708,
    0.1359223653562367,
    0.13675052006728947,
    0.13671615016646682,
    0.1376619060523808,
    0.13642737264744936,
    0.13734146947972475,
    0.13887776124756784,
    0.13669936589431017,
    0.13734088046476245,
    0.13832461421843617,
    0.13446569368243216,
    0.13492380673997104,
    0.13474722777027637,
    0.13623889870941638,
    0.13549454370513558,
    0.13624007639009506,
    0.13865603967569767,
    0.13702135463245213,
    0.13548706495203078,
    0.13531386263202877,
    0.13525190614163876,
    0.1352123264921829,
    0.13524316353723406,
    0.13525158881675453,
    0.13526342487894,
    0.13521047923713922,
    0.13522120246198027
  ],
  "val_rmse": [
    0.0834289401676012,
    0.08038012478336914,
    0.08263252009775324,
    0.08324971991931084,
    0.0840555872055023,
    0.0841834324331634,
    0.08312884605079973,
    0.08346376904142726,
    0.08484208389619814,
    0.08270341805751544,
    0.08284427554926468,
    0.08658746255611224,
    0.08265338181454517,
    0.08747722614190757,
    0.08295027381465357,
    0.08349487269729924,
    0.0838623845861341,
    0.08453667799292672,
    0.0840096910783195,
    0.08233355822344442,
    0.08532222560140729,
    0.08393846031889182,
    0.08377776681527754,
    0.08483939173640617,
    0.08609922653083506,
    0.08325570626294099,
    0.08378683574555755,
    0.08640376856098586,
    0.08369879680573317,
    0.0844445380440576,
    0.08617744256397966,
    0.08257427960471198,
    0.08297474043527009,
    0.08265706946976281,
    0.083907344715796,
    0.08167959391487699,
    0.08216292783559408,
    0.08536771122918578,
    0.08329761586711616,
    0.08346493068468333,
    0.0833483878772416,
    0.08328020155898704,
    0.08322826234060975,
    0.08324126128281173,
    0.08322854567182483,
    0.0832199451475137,
    0.08316278337405345,
    0.08315297680766465
  ]
}