{
  "train": {
    "loss": 0.11205486458347877,
    "RMSE": 0.08197392042888532,
    "MAE": 0.060378856844244336,
    "MAPE": 17.66099304507572,
    "R2": 0.8566265963259999,
    "Cmax_pct_err": 15.321719646453857,
    "AUC_pct_err": 13.450194895267487
  },
  "val": {
    "loss": 0.13166103982366623,
    "RMSE": 0.08038012478336914,
    "MAE": 0.059384786392869364,
    "MAPE": 18.238957616220787,
    "R2": 0.8200775324360052,
    "Cmax_pct_err": 15.8442884683609,
    "AUC_pct_err": 13.7289360165596
  },
  "test": {
    "loss": 0.13790888707153498,
    "RMSE": 0.11808127833633071,
    "MAE": 0.08638891268894021,
    "MAPE": 21.805512315813054,
    "R2": 0.7811126975493047,
    "Cmax_pct_err": 17.306172847747803,
    "AUC_pct_err": 15.540257096290588
  },
  "best_epoch": 2,
  "n_epochs": 48,
  "n_train_patients": 160,
  "n_val_patients": 20,
  "n_test_patients": 20
}