{
  "mean": [
    68.51624256897728,
    5.0,
    0.07717198947401391,
    44.29181816985024,
    0.48125
  ],
  "std": [
    14.885079776392459,
    1.0,
    0.020508098794544183,
    13.837833113053902,
    0.49964831381682856
  ],
  "feature_names": [
    "weight_kg",
    "dose_mg",
    "dose_mgkg",
    "age_years",
    "sex"
  ]
}