{
  "epoch": [
    1,
    2,
    3,
    4,
    5,
    6,
    7,
    8,
    9,
    10,
    11,
    12,
    13,
    14,
    15,
    16,
    17,
    18,
    19,
    20,
    21,
    22,
    23,
    24,
    25,
    26,
    27,
    28,
    29,
    30,
    31,
    32,
    33,
    34,
    35,
    36,
    37,
    38,
    39,
    40,
    41,
    42,
    43,
    44,
    45,
    46,
    47,
    48,
    49,
    50,
    51,
    52,
    53
  ],
  "train_loss": [
    0.1117563545703888,
    0.1077553890645504,
    0.10907358825206756,
    0.10827513784170151,
    0.10622662529349328,
    0.10530683696269989,
    0.10417759045958519,
    0.10321188420057296,
    0.10617470368742943,
    0.1027683176100254,
    0.10093207210302353,
    0.10347139462828636,
    0.10097870975732803,
    0.10035974867641925,
    0.10248278491199017,
    0.10273023433983326,
    0.1010545663535595,
    0.10076584368944168,
    0.09967601969838143,
    0.09893494322896004,
    0.0980838619172573,
    0.0960825577378273,
    0.09607442542910576,
    0.09821945056319237,
    0.09639497883617879,
    0.09752787463366985,
    0.09894693419337272,
    0.09625688046216965,
    0.09471780881285667,
    0.09599267542362214,
    0.09475129023194313,
    0.0901321902871132,
    0.0913756851106882,
    0.09131549820303916,
    0.09358587339520455,
    0.09190706089138985,
    0.09256417974829674,
    0.09189574271440507,
    0.08815459981560707,
    0.09272030144929885,
    0.08848472833633422,
    0.08971918821334839,
    0.08717448264360428,
    0.08551033549010753,
    0.08527020663022995,
    0.08551630526781082,
    0.08590111546218396,
    0.08589995801448821,
    0.0865344114601612,
    0.08772555142641067,
    0.08677948862314225,
    0.08560031056404113,
    0.08686320967972279
  ],
  "val_loss": [
    0.13590292180888355,
    0.1370107417460531,
    0.13607158449012785,
    0.13575577503070235,
    0.13558667665347457,
    0.13460074523463844,
    0.13502249591983856,
    0.1350966602563858,
    0.13821580009534956,
    0.13391956691630186,
    0.1312286163214594,
    0.13607477294281126,
    0.13363844198174774,
    0.13286218121647836,
    0.1354048559907824,
    0.12943269200623037,
    0.1346546380314976,
    0.13611898957751692,
    0.13602411514148116,
    0.13346374249085785,
    0.14001180762425064,
    0.12984475535340606,
    0.1373965940438211,
    0.13740441277623178,
    0.13207500386051835,
    0.13595322645269334,
    0.13596100062131883,
    0.1312598238233477,
    0.13385595767758787,
    0.14045814014971256,
    0.12786297956481577,
    0.13473358410410582,
    0.13484651702456177,
    0.13468736256472766,
    0.13010907554998993,
    0.13692509550601245,
    0.13120849533006548,
    0.13188422108069062,
    0.13563748286105692,
    0.14674309780821204,
    0.145563436858356,
    0.14448614586144687,
    0.14368007867597044,
    0.14280869197100401,
    0.14250229713506996,
    0.1419140461832285,
    0.1418967220466584,
    0.14221467925235629,
    0.14197762859985233,
    0.14088234677910805,
    0.13986327340826393,
    0.13910632743500173,
    0.13984555527567863
  ],
  "val_rmse": [
    0.08428528113539441,
    0.08277655988968606,
    0.08424496821264325,
    0.0827106454982577,
    0.08407872860680041,
    0.08205423940269423,
    0.08261036901867477,
    0.0811549543070971,
    0.08360358186367,
    0.08189182357926393,
    0.08069384712879041,
    0.08143801915783445,
    0.0811734272728861,
    0.08018957864531734,
    0.08409885420448525,
    0.07923121446084616,
    0.08054731132995346,
    0.08257111574398232,
    0.08134516074317515,
    0.0814534114102725,
    0.08082224572791838,
    0.08026838064340273,
    0.08081806279743943,
    0.08362997655761935,
    0.07989789759054852,
    0.079625370245213,
    0.08470333693533469,
    0.07682927929258063,
    0.07853032770729525,
    0.08205368220170718,
    0.07867308006257155,
    0.07841854155094527,
    0.08326783088227183,
    0.0781995452875434,
    0.08138273312048913,
    0.08198801142781562,
    0.07807129194634359,
    0.07839407327892942,
    0.08126673255113018,
    0.08192951753671807,
    0.0817181549034143,
    0.08148173177683586,
    0.08132594983798865,
    0.0811598469486907,
    0.08111309607887525,
    0.08100125606534504,
    0.08098814568601823,
    0.0810540636956571,
    0.08100801063594963,
    0.08073008872209328,
    0.08055438391841163,
    0.08044688020001901,
    0.08060430766398793
  ]
}