{
  "train": {
    "loss": 0.09515221037181618,
    "RMSE": 0.0739712550837622,
    "MAE": 0.054244403775828634,
    "MAPE": 16.06016045704361,
    "R2": 0.8832536910496609,
    "Cmax_pct_err": 13.420702517032623,
    "AUC_pct_err": 11.781732738018036
  },
  "val": {
    "loss": 0.1312598238233477,
    "RMSE": 0.07682927929258063,
    "MAE": 0.05652652815351757,
    "MAPE": 17.958627960223755,
    "R2": 0.8356228050677885,
    "Cmax_pct_err": 15.341827273368835,
    "AUC_pct_err": 13.379213213920593
  },
  "test": {
    "loss": 0.1641327677294612,
    "RMSE": 0.1412679901148345,
    "MAE": 0.10399829897828917,
    "MAPE": 24.689662432519512,
    "R2": 0.686710377507884,
    "Cmax_pct_err": 20.10890692472458,
    "AUC_pct_err": 17.88025200366974
  },
  "best_epoch": 28,
  "n_epochs": 53,
  "n_train_patients": 160,
  "n_val_patients": 20,
  "n_test_patients": 20
}