{
  "epoch": [
    1,
    2,
    3,
    4,
    5,
    6,
    7,
    8,
    9,
    10,
    11,
    12,
    13,
    14,
    15,
    16,
    17,
    18,
    19,
    20,
    21,
    22,
    23,
    24,
    25,
    26,
    27,
    28,
    29,
    30,
    31,
    32,
    33,
    34,
    35,
    36,
    37,
    38,
    39,
    40,
    41,
    42,
    43,
    44,
    45,
    46,
    47,
    48,
    49,
    50,
    51,
    52,
    53,
    54,
    55,
    56,
    57,
    58,
    59,
    60,
    61,
    62,
    63,
    64,
    65,
    66,
    67,
    68,
    69
  ],
  "train_loss": [
    0.10998594015836716,
    0.10909459814429283,
    0.10765111818909645,
    0.10700016915798187,
    0.10574784427881241,
    0.10695896670222282,
    0.10526155829429626,
    0.10588743165135384,
    0.10508389100432396,
    0.10446245744824409,
    0.10416582971811295,
    0.104886644333601,
    0.10447403490543365,
    0.1044440284371376,
    0.10423051007091999,
    0.10321129336953164,
    0.10364106446504592,
    0.10406429395079612,
    0.10335178226232529,
    0.1027001217007637,
    0.10267979204654694,
    0.10341361314058303,
    0.10260763503611088,
    0.10220912732183933,
    0.10327169075608253,
    0.10204975605010987,
    0.10161895006895065,
    0.10251302346587181,
    0.1012961931526661,
    0.10082991048693657,
    0.10124224945902824,
    0.1007515974342823,
    0.10126220136880874,
    0.10144782960414886,
    0.0998606264591217,
    0.10052273273468018,
    0.09951450452208518,
    0.09877261184155942,
    0.09960931427776813,
    0.10010912269353867,
    0.09871778711676597,
    0.09944808036088944,
    0.09832574501633644,
    0.09745757505297661,
    0.09689653366804123,
    0.09633170738816262,
    0.09635349735617638,
    0.09823132231831551,
    0.09570873081684113,
    0.09591826200485229,
    0.09609284028410911,
    0.09431279338896274,
    0.09604544416069985,
    0.0935457058250904,
    0.09474081620573997,
    0.09426829665899276,
    0.09472575187683105,
    0.09453825168311596,
    0.09550711028277874,
    0.09312329292297364,
    0.09430559016764165,
    0.09228248745203019,
    0.09234560504555703,
    0.09132368974387646,
    0.09172695726156235,
    0.09154853299260139,
    0.09347736686468125,
    0.09325274229049682,
    0.09294889345765114
  ],
  "val_loss": [
    0.10555380661971867,
    0.1046858813147992,
    0.10570447990903631,
    0.10549193620681763,
    0.10586799550801515,
    0.10434940671548247,
    0.10599868602585047,
    0.10659696508664637,
    0.10607573473826051,
    0.10598553433082998,
    0.10587585316970945,
    0.10627452186308801,
    0.10550074465572834,
    0.10539838988333941,
    0.105695347674191,
    0.10557032739743591,
    0.10619183881208301,
    0.1056116821244359,
    0.10600510011427104,
    0.10603873822838068,
    0.10563442027196288,
    0.1067393665201962,
    0.10585626130923628,
    0.10586901614442468,
    0.10572500079870224,
    0.10592583920806646,
    0.10619844100438058,
    0.10583011345006525,
    0.1060959436930716,
    0.10626602945849299,
    0.10627131448127329,
    0.10604514558799565,
    0.10701289686840028,
    0.10483288802206517,
    0.10650460137985647,
    0.10574122448451817,
    0.10495105949230492,
    0.10745040904730559,
    0.10435654832981527,
    0.10605625682510436,
    0.10693867478985339,
    0.10668854916002601,
    0.10627029864117503,
    0.10537698350381106,
    0.10636935783550143,
    0.10517467001918704,
    0.10644655865617096,
    0.10521143237128854,
    0.10584168266505004,
    0.10517226569354535,
    0.10448333255480975,
    0.10562267245259135,
    0.10535094535443931,
    0.10448381437454372,
    0.10449915248900651,
    0.10582514870911837,
    0.1052020815666765,
    0.10700713992118835,
    0.10741045225877315,
    0.10547580057755113,
    0.10687160709640012,
    0.10723236268386245,
    0.10610570264980197,
    0.10420533100841567,
    0.10719464435242117,
    0.10672031177673488,
    0.10512337530963123,
    0.1055974938441068,
    0.10571647230535745
  ],
  "val_rmse": [
    0.9634778516008827,
    0.966093046118793,
    0.9658349448375875,
    0.9675632555805862,
    0.9642669782953168,
    0.9725415532301104,
    0.9619237346827126,
    0.961042659815988,
    0.9638167354574153,
    0.964508331970535,
    0.9635626727197005,
    0.9635481672161704,
    0.9624623962218519,
    0.9598027194746201,
    0.9580663808895739,
    0.9610655695011259,
    0.9586950561859727,
    0.9593312097490655,
    0.9546296610574516,
    0.9550327714793849,
    0.9603109848358425,
    0.9573080686429151,
    0.9526340035399796,
    0.9490034936350403,
    0.9518241077261406,
    0.9551912840393222,
    0.9485785723930162,
    0.9524931452930835,
    0.9540241608345751,
    0.952189425458266,
    0.9554714960828028,
    0.9471228761212509,
    0.9539302569779545,
    0.953662936415784,
    0.9597396135918814,
    0.9477048430511281,
    0.947265225612948,
    0.953386888812663,
    0.9359023947325882,
    0.9463324849785643,
    0.9547093200876747,
    0.9481047693609516,
    0.9470598867022525,
    0.9385515830774005,
    0.9470212342594122,
    0.9495348331741547,
    0.9458724754912219,
    0.942546771132253,
    0.9460828413294982,
    0.9438599011883835,
    0.9413926073911761,
    0.9474647343310554,
    0.9403227690727031,
    0.9290618297999677,
    0.9377089535262094,
    0.9447615353777284,
    0.9471073333658327,
    0.9439044859208451,
    0.9536946061062064,
    0.9305469206674458,
    0.9383279724290503,
    0.9650626095726481,
    0.936873541300327,
    0.9293126814554035,
    0.9464778914561301,
    0.9496888948255197,
    0.9514889716085786,
    0.9369073463108372,
    0.9361841692769981
  ]
}