{
  "train": {
    "loss": 0.09255189033792703,
    "RMSE": 1.0288675232815485,
    "MAE": 0.6793159630927098,
    "MAPE": 2368144.8001896935,
    "R2": 0.9370455300363765,
    "Cmax_pct_err": 13.057206571102142,
    "AUC_pct_err": 16.25271588563919
  },
  "val": {
    "loss": 0.10448381437454372,
    "RMSE": 0.9290618297999677,
    "MAE": 0.6672726522598308,
    "MAPE": 174887.50030455182,
    "R2": 0.9355181265463598,
    "Cmax_pct_err": 16.678419709205627,
    "AUC_pct_err": 15.38088172674179
  },
  "test": {
    "loss": 0.11128987655974924,
    "RMSE": 0.9717654626264008,
    "MAE": 0.6941561723186169,
    "MAPE": 658184.5767148654,
    "R2": 0.9245861070633248,
    "Cmax_pct_err": 13.594913482666016,
    "AUC_pct_err": 20.122727751731873
  },
  "best_epoch": 54,
  "n_epochs": 69,
  "n_train_patients": 160,
  "n_val_patients": 20,
  "n_test_patients": 20
}