{
  "epoch": [
    1,
    2,
    3,
    4,
    5,
    6,
    7,
    8,
    9,
    10,
    11,
    12,
    13,
    14,
    15,
    16,
    17,
    18,
    19,
    20,
    21,
    22,
    23,
    24,
    25,
    26,
    27,
    28,
    29,
    30,
    31,
    32,
    33,
    34,
    35,
    36,
    37,
    38
  ],
  "train_loss": [
    0.11480787210166454,
    0.11317741200327873,
    0.11448077782988549,
    0.11379542350769042,
    0.11326604783535003,
    0.11316619627177715,
    0.11305768303573131,
    0.11267729550600052,
    0.11255849711596966,
    0.11238833963871002,
    0.11211175285279751,
    0.1120045680552721,
    0.11145710870623589,
    0.11085135340690613,
    0.11055852249264717,
    0.1097955584526062,
    0.10976714938879013,
    0.1086388148367405,
    0.10857266895473003,
    0.10747693330049515,
    0.10822540745139123,
    0.10729708299040794,
    0.1072207160294056,
    0.10447021424770356,
    0.10616660118103027,
    0.10317840799689293,
    0.1034771054983139,
    0.10309397131204605,
    0.10055120959877968,
    0.09998494237661362,
    0.09804395958781242,
    0.0988149218261242,
    0.10025003999471664,
    0.0994600847363472,
    0.09683478586375713,
    0.09758847057819367,
    0.09728436321020126,
    0.09697910994291306
  ],
  "val_loss": [
    0.13010873394086958,
    0.12573394137434662,
    0.12552626593969762,
    0.127121095568873,
    0.1284329333808273,
    0.12713893556501715,
    0.12820983837591485,
    0.1279170822002925,
    0.12671293853782117,
    0.1263938100775704,
    0.12643600688315929,
    0.12647389497142286,
    0.125836190499831,
    0.126243438385427,
    0.12668741521192714,
    0.12640559540595858,
    0.1271028814604506,
    0.1287841680808924,
    0.1270502336206846,
    0.12747404930414633,
    0.12815873669460415,
    0.12703384712804108,
    0.13127138823037968,
    0.1306430371128954,
    0.13160423098597676,
    0.13571773204021156,
    0.13549501342931763,
    0.13723048341926186,
    0.13734984868206085,
    0.13777562056202441,
    0.14224430131725968,
    0.138722661905922,
    0.13502219165675342,
    0.1382531153038144,
    0.13872589045204223,
    0.13632260386366396,
    0.1344349002931267,
    0.13700985871255397
  ],
  "val_rmse": [
    1.1118390322161609,
    1.10853700749479,
    1.12466050606057,
    1.154638395938079,
    1.1361435093117436,
    1.1481544663139605,
    1.1423408318063284,
    1.141974031958181,
    1.1417009149994641,
    1.129721966297029,
    1.1086969063952512,
    1.0838923442078952,
    1.09779444129471,
    1.0597398468421348,
    1.044138145744373,
    1.0422837964685472,
    1.0274917283537937,
    1.016947191792116,
    1.0021104658426476,
    1.021211409714323,
    0.9915095777406606,
    0.9984709972984842,
    0.9668943602176817,
    1.0097814632685993,
    0.9942747957781539,
    0.9962180136945544,
    1.0025851483483708,
    0.9732473560914411,
    0.9821447546592599,
    1.0050903701763532,
    0.9725636519585488,
    0.9893492704267138,
    0.9945648688379064,
    1.0191352055033271,
    1.0053382946464884,
    0.9739204496939745,
    1.0362449797675206,
    0.9993951189776868
  ]
}