{
  "train": {
    "loss": 0.10444223862796206,
    "RMSE": 0.9124616159513689,
    "MAE": 0.61139124176403,
    "MAPE": 31.953476118301765,
    "R2": 0.8144421581555583,
    "Cmax_pct_err": 17.59810745716095,
    "AUC_pct_err": 16.6127011179924
  },
  "val": {
    "loss": 0.13127138823037968,
    "RMSE": 0.9668943602176817,
    "MAE": 0.6675172893758057,
    "MAPE": 48.016369916243775,
    "R2": 0.8410755033245652,
    "Cmax_pct_err": 20.60764729976654,
    "AUC_pct_err": 22.82448709011078
  },
  "test": {
    "loss": 0.09329744214192033,
    "RMSE": 0.8765074402887424,
    "MAE": 0.64681821256426,
    "MAPE": 26.945281294349748,
    "R2": 0.8273736523931894,
    "Cmax_pct_err": 18.848615884780884,
    "AUC_pct_err": 20.540161430835724
  },
  "best_epoch": 23,
  "n_epochs": 38,
  "n_train_patients": 160,
  "n_val_patients": 20,
  "n_test_patients": 20
}