{
  "train": {
    "loss": 0.36387387125028503,
    "rmse": 1.408046036981033
  },
  "val": {
    "loss": 2.331587294737498,
    "rmse": 1.5114234793872396
  },
  "n_train": 9,
  "n_val": 3,
  "n_epochs": 205,
  "elapsed_seconds": 137.14
}