drug,n_test_patients,obs_mean_mg_L,RMSE,RMSE_pct_of_mean,MAE,MAPE,R2,Cmax_pct_err,AUC_pct_err
theophylline,20,3.290126323699951,0.8765074014663696,26.640539457476397,0.6468181610107422,26.94527804851532,0.8273736650524297,18.848615884780884,20.540161430835724
warfarin,20,0.4822343587875366,0.11808127909898758,24.486284924954322,0.08638890832662582,21.80551290512085,0.7811127107375767,17.306172847747803,15.540257096290588
midazolam,20,0.011818972416222095,0.0032298199366778135,27.327417500115825,0.0019410564564168453,6295.359039306641,0.9199408972873047,11.60033568739891,16.412118077278137
caffeine,20,2.155080556869507,0.6746103763580322,31.303255658232352,0.48107174038887024,28.26288938522339,0.7367315337640183,22.773566842079163,18.21826547384262
acetaminophen,20,4.156042575836182,1.307215929031372,31.45338155656526,0.9015708565711975,4674194.53125,0.8718250459472344,18.153375387191772,24.016404151916504
digoxin,20,0.000261943117948249,7.723291491856799e-05,29.484613006317062,5.7113498769467697e-05,24.400676786899567,0.7796332212669119,23.980000615119934,20.907697081565857
