variant,mean_R2_6drugs,mean_RMSE_6drugs
A1_PBPK_only,0.3413229003616318,0.9004128178955094
A2_GNN_only,0.8154576327754071,0.4145368022590315
A3_hybrid_no_transfer,0.7966992198533723,0.5144674414538409
A4_hybrid_encoder_frozen,0.8231928596903333,0.4876347564374252
A5_Full_DLPBPK,0.8512849483766435,0.39776136247609345
