{
  "epoch": [
    1,
    2,
    3,
    4,
    5,
    6,
    7,
    8,
    9,
    10,
    11,
    12,
    13,
    14,
    15,
    16,
    17,
    18,
    19,
    20,
    21,
    22,
    23,
    24,
    25,
    26,
    27,
    28,
    29,
    30,
    31,
    32,
    33,
    34,
    35,
    36,
    37,
    38,
    39,
    40,
    41,
    42,
    43,
    44,
    45,
    46,
    47,
    48,
    49,
    50,
    51,
    52,
    53,
    54,
    55,
    56,
    57,
    58,
    59,
    60,
    61,
    62,
    63,
    64,
    65,
    66,
    67,
    68,
    69,
    70,
    71,
    72,
    73,
    74,
    75,
    76,
    77,
    78,
    79,
    80,
    81,
    82,
    83,
    84,
    85,
    86,
    87,
    88,
    89,
    90,
    91,
    92,
    93,
    94,
    95,
    96,
    97,
    98,
    99,
    100
  ],
  "train_loss": [
    0.11774106547236443,
    0.11446526572108269,
    0.11299172155559063,
    0.11282014101743698,
    0.11235175952315331,
    0.11351217776536941,
    0.11281991153955459,
    0.11291494742035865,
    0.11277336403727531,
    0.11278670504689217,
    0.11306754797697068,
    0.11280100122094154,
    0.11289602890610695,
    0.112686637789011,
    0.11294791102409363,
    0.11263214200735092,
    0.1123308315873146,
    0.11307531967759132,
    0.1130848553031683,
    0.11217278689146042,
    0.10917324349284172,
    0.11251798942685128,
    0.11450113356113434,
    0.11390090584754944,
    0.11366240978240967,
    0.11325339823961258,
    0.113509601354599,
    0.11261157616972924,
    0.11261979565024376,
    0.11173604503273964,
    0.11166556030511857,
    0.10969924367964268,
    0.11219866424798966,
    0.10962528735399246,
    0.10702453181147575,
    0.10735727362334728,
    0.11009381115436553,
    0.10832005068659782,
    0.1067597322165966,
    0.10505516827106476,
    0.11174588240683078,
    0.109444709867239,
    0.1057146355509758,
    0.10989604070782662,
    0.10722251981496811,
    0.10592297166585922,
    0.10664755329489709,
    0.10686670690774917,
    0.1049288608133793,
    0.10560646057128906,
    0.1066780224442482,
    0.10647091343998909,
    0.10745200887322426,
    0.10508233457803726,
    0.10578936673700809,
    0.10525061413645745,
    0.10717329457402229,
    0.10459634959697724,
    0.10705541595816612,
    0.10466597750782966,
    0.10547769032418727,
    0.10594600439071655,
    0.10426420159637928,
    0.10662146136164666,
    0.10460223704576492,
    0.1068573236465454,
    0.10418540835380555,
    0.10643268376588821,
    0.10767117738723755,
    0.10718293264508247,
    0.10536982715129853,
    0.10522047653794289,
    0.10517739653587341,
    0.10584262385964394,
    0.1050194725394249,
    0.105213687941432,
    0.10557074807584285,
    0.10487557761371136,
    0.10722784623503685,
    0.105274748057127,
    0.10446646064519882,
    0.10538046285510064,
    0.10557674430310726,
    0.10654175169765949,
    0.10809061862528324,
    0.10507095381617546,
    0.10561440214514732,
    0.10516677498817444,
    0.10412274189293384,
    0.10489969030022621,
    0.10807229056954384,
    0.10571702793240548,
    0.10590923056006432,
    0.10486267432570458,
    0.10522437319159508,
    0.10437516681849957,
    0.10468433387577533,
    0.10759614557027816,
    0.10630825459957123,
    0.10411675199866295
  ],
  "val_loss": [
    0.13217921289615334,
    0.12760434448719024,
    0.1276861687656492,
    0.1270540521480143,
    0.12927869524573907,
    0.1271690597757697,
    0.1267345928121358,
    0.12681406240444631,
    0.1267644370906055,
    0.1275277944514528,
    0.12857566396705805,
    0.12704428748693317,
    0.1271730210050009,
    0.13335479306988418,
    0.1264020481146872,
    0.12672280331607907,
    0.12664588923798875,
    0.1270662683295086,
    0.12726825608406217,
    0.13226804723963143,
    0.1310962861403823,
    0.1269897274672985,
    0.12549495161511004,
    0.1283298368449323,
    0.12796077746897935,
    0.12756155770039185,
    0.12576763827819376,
    0.12667050446616485,
    0.12760315753985196,
    0.12725361344637348,
    0.12839481205446646,
    0.1297385512618348,
    0.12656297362409533,
    0.13293487480841576,
    0.142853115638718,
    0.1262303720926866,
    0.13013534294441342,
    0.1465093453414738,
    0.1280249038245529,
    0.14952556428033859,
    0.1258215839508921,
    0.13133175553521143,
    0.14030089848674834,
    0.12806703738169745,
    0.13460538717918097,
    0.12997391980607062,
    0.14137156589422376,
    0.13452175073325634,
    0.1374466211302206,
    0.13200840337667613,
    0.13370964895002543,
    0.12900991168571635,
    0.1351984549779445,
    0.12990263528190554,
    0.13248710653278978,
    0.13360659289173782,
    0.13541756020858883,
    0.13442570257466285,
    0.14115716516971588,
    0.13138084344100207,
    0.13744291295297445,
    0.13473774176090955,
    0.14107491897884755,
    0.1307654073694721,
    0.13770397775806487,
    0.1292640040279366,
    0.13863295270130038,
    0.12884154581697657,
    0.13309322223067283,
    0.13762242244556547,
    0.12814421457005665,
    0.13548781755380332,
    0.1333182212896645,
    0.13031657004030422,
    0.13384936114307494,
    0.13536088913679123,
    0.13725162735208868,
    0.13376477051060648,
    0.12771466083358973,
    0.1361263420432806,
    0.13507721142377704,
    0.12948303542798384,
    0.1359941835515201,
    0.1283658899134025,
    0.1330162679310888,
    0.13593032960779966,
    0.1375102463643998,
    0.13365868786349894,
    0.13503340031020344,
    0.1318646185914986,
    0.13346516881138087,
    0.13549428656697274,
    0.13438189520966262,
    0.13179287721868604,
    0.13470263874623925,
    0.1366210461128503,
    0.13226855527609588,
    0.13468968449160457,
    0.13090367760742083,
    0.1406300467438996
  ],