{
  "train": {
    "loss": 0.10953338149265619,
    "RMSE": 0.9377299505295082,
    "MAE": 0.622847024023343,
    "MAPE": 32.01810002945648,
    "R2": 0.8040227411428527,
    "Cmax_pct_err": 18.19167286157608,
    "AUC_pct_err": 16.649365425109863
  },
  "val": {
    "loss": 0.1310962861403823,
    "RMSE": 1.0931576491044477,
    "MAE": 0.7126845599078269,
    "MAPE": 47.885043338836866,
    "R2": 0.7968586255478903,
    "Cmax_pct_err": 21.102771162986755,
    "AUC_pct_err": 22.802722454071045
  },
  "test": {
    "loss": 0.09081691671162843,
    "RMSE": 0.8475328360694596,
    "MAE": 0.6228461992007887,
    "MAPE": 26.550527936481096,
    "R2": 0.8385979917266431,
    "Cmax_pct_err": 17.791777849197388,
    "AUC_pct_err": 20.410573482513428
  },
  "best_epoch": 21,
  "n_epochs": 100,
  "n_train_patients": 160,
  "n_val_patients": 20,
  "n_test_patients": 20
}