{
  "mean": [
    69.78785416752969,
    200.0,
    2.9807471100910496,
    43.3363507687638,
    0.54375
  ],
  "std": [
    13.700996842304141,
    1.0,
    0.6160853609551377,
    14.67018585636314,
    0.4980822597724195
  ],
  "feature_names": [
    "weight_kg",
    "dose_mg",
    "dose_mgkg",
    "age_years",
    "sex"
  ]
}