{
  "epoch": [
    1,
    2,
    3,
    4,
    5,
    6,
    7,
    8,
    9,
    10,
    11,
    12,
    13,
    14,
    15,
    16,
    17,
    18,
    19
  ],
  "train_loss": [
    0.06982209272682667,
    0.06773242056369781,
    0.06633429229259491,
    0.06637320034205914,
    0.0660963136702776,
    0.0651776323094964,
    0.0643443562090397,
    0.06345928944647312,
    0.0643464270979166,
    0.06404503919184208,
    0.06344017311930657,
    0.06330835223197936,
    0.06374486796557903,
    0.06283092312514782,
    0.06287442445755005,
    0.06354041807353497,
    0.06245999149978161,
    0.06169656440615654,
    0.061995213478803636
  ],
  "val_loss": [
    0.0630868942826055,
    0.06316247052745894,
    0.06195187037810683,
    0.061160631536040455,
    0.06221681967144832,
    0.06221206679474563,
    0.062483001209329814,
    0.06354954707203433,
    0.06370697750244289,
    0.06365172455552966,
    0.06460947684245184,
    0.06430747495032847,
    0.06554232940543443,
    0.06605248246341944,
    0.06640579367522151,
    0.06812310958048329,
    0.06780194516759366,
    0.06883955373195931,
    0.07333775467704981
  ],
  "val_rmse": [
    0.44861906198979407,
    0.4484526370471303,
    0.43987147936476984,
    0.43282802475130266,
    0.4421961421098493,
    0.44245818773184536,
    0.44320777929108596,
    0.4481214039330849,
    0.44961049683026005,
    0.4522080882706779,
    0.4558879314291162,
    0.45687155311245986,
    0.46448768459087914,
    0.46860266740784157,
    0.47216818582981823,
    0.4845611482657925,
    0.4830022779010759,
    0.49414766112824154,
    0.5228645364440079
  ]
}