{
  "train": {
    "loss": 0.06505459936306579,
    "RMSE": 0.4715481940326179,
    "MAE": 0.3286282023853171,
    "MAPE": 25.638064865382244,
    "R2": 0.910951635612729,
    "Cmax_pct_err": 13.043840229511261,
    "AUC_pct_err": 13.348022103309631
  },
  "val": {
    "loss": 0.061160631536040455,
    "RMSE": 0.43282802475130266,
    "MAE": 0.29430283982150846,
    "MAPE": 24.98980118550918,
    "R2": 0.9243121816836934,
    "Cmax_pct_err": 12.647069990634918,
    "AUC_pct_err": 12.498030811548233
  },
  "test": {
    "loss": 0.08637224230915308,
    "RMSE": 0.4431070935202719,
    "MAE": 0.3130275943905872,
    "MAPE": 20.92412476669618,
    "R2": 0.8718350981331459,
    "Cmax_pct_err": 14.641329646110535,
    "AUC_pct_err": 12.56234347820282
  },
  "best_epoch": 4,
  "n_epochs": 19,
  "n_train_patients": 160,
  "n_val_patients": 20,
  "n_test_patients": 20
}