{
  "mean": [
    68.93461447538627,
    200.0,
    3.035742788986281,
    42.19829701213767,
    0.45
  ],
  "std": [
    14.323545026269281,
    1.0,
    0.6716677196166638,
    14.56804238210269,
    0.49749371855331004
  ],
  "feature_names": [
    "weight_kg",
    "dose_mg",
    "dose_mgkg",
    "age_years",
    "sex"
  ]
}