{
  "epoch": [
    1,
    2,
    3,
    4,
    5,
    6,
    7,
    8,
    9,
    10,
    11,
    12,
    13,
    14,
    15,
    16,
    17,
    18
  ],
  "train_loss": [
    0.12341533377766609,
    0.12256999537348748,
    0.12142085619270801,
    0.11976461783051491,
    0.12031308971345425,
    0.11970262229442596,
    0.11964331828057766,
    0.11969955563545227,
    0.12033784613013268,
    0.1194922648370266,
    0.11916765496134758,
    0.11917033419013023,
    0.11921998262405395,
    0.11907233223319054,
    0.11888113394379615,
    0.11818818114697933,
    0.11951185464859009,
    0.11955623924732209
  ],
  "val_loss": [
    0.17333423383533955,
    0.1565498983953148,
    0.16258760504424571,
    0.16623631538823247,
    0.16377074765041472,
    0.16542585650458932,
    0.16659078542143108,
    0.16515087587758898,
    0.1623854928649962,
    0.1672280916944146,
    0.1664727682247758,
    0.16645585242658853,
    0.16442336589097978,
    0.1681190999224782,
    0.16807662853971123,
    0.16205610083416105,
    0.168128271587193,
    0.1665972216054797
  ],
  "val_rmse": [
    7.314666845314217e-05,
    7.223577676178394e-05,
    7.198752461274527e-05,
    7.222233976806512e-05,
    7.220453722430533e-05,
    7.224254455146351e-05,
    7.226219195306413e-05,
    7.226277331194502e-05,
    7.222371860323664e-05,
    7.235540944192636e-05,
    7.242072439839664e-05,
    7.250112575347068e-05,
    7.250079570000281e-05,
    7.26265969452376e-05,
    7.264584946473256e-05,
    7.265164242896816e-05,
    7.287471649157934e-05,
    7.270479421983026e-05
  ]
}