{
  "train": {
    "loss": 0.11957546591002029,
    "RMSE": 7.514083723949261e-05,
    "MAE": 5.0805117436133706e-05,
    "MAPE": 20.105268614129113,
    "R2": 0.7151897162187731,
    "Cmax_pct_err": 18.695585429668427,
    "AUC_pct_err": 16.536442935466766
  },
  "val": {
    "loss": 0.16258760504424571,
    "RMSE": 7.198752461274527e-05,
    "MAE": 5.668166742071643e-05,
    "MAPE": 24.430445178748418,
    "R2": 0.6717230312754977,
    "Cmax_pct_err": 23.037545382976532,
    "AUC_pct_err": 21.573591232299805
  },
  "test": {
    "loss": 0.15510449297726153,
    "RMSE": 7.723291247241713e-05,
    "MAE": 5.71135000820041e-05,
    "MAPE": 24.40067699822009,
    "R2": 0.7796332173646252,
    "Cmax_pct_err": 23.980000615119934,
    "AUC_pct_err": 20.907697081565857
  },
  "best_epoch": 3,
  "n_epochs": 18,
  "n_train_patients": 160,
  "n_val_patients": 20,
  "n_test_patients": 20
}