{
  "epoch": [
    1,
    2,
    3,
    4,
    5,
    6,
    7,
    8,
    9,
    10,
    11,
    12,
    13,
    14,
    15,
    16,
    17,
    18,
    19,
    20,
    21,
    22,
    23,
    24,
    25,
    26,
    27,
    28,
    29,
    30,
    31,
    32,
    33,
    34,
    35,
    36,
    37,
    38,
    39,
    40,
    41,
    42,
    43,
    44,
    45,
    46,
    47,
    48,
    49,
    50,
    51,
    52,
    53,
    54,
    55,
    56,
    57,
    58,
    59,
    60,
    61,
    62,
    63,
    64,
    65,
    66,
    67,
    68,
    69,
    70,
    71,
    72,
    73,
    74,
    75,
    76,
    77,
    78,
    79,
    80,
    81,
    82,
    83,
    84,
    85,
    86,
    87,
    88,
    89,
    90,
    91,
    92,
    93,
    94,
    95,
    96,
    97,
    98,
    99,
    100
  ],
  "train_loss": [
    0.20215465128421783,
    0.19681242257356643,
    0.19736578613519667,
    0.19682734459638596,
    0.1993974894285202,
    0.19593245834112166,
    0.19689569771289825,
    0.19594185575842857,
    0.19686335995793341,
    0.197118878364563,
    0.19777573943138121,
    0.19513095021247864,
    0.19617769122123718,
    0.19615619406104087,
    0.1955309733748436,
    0.19588969498872758,
    0.19583690762519837,
    0.19652100801467895,
    0.19535884037613868,
    0.19666877537965774,
    0.1967869982123375,
    0.19545873627066612,
    0.19586711823940278,
    0.195999176800251,
    0.1947329744696617,
    0.19497956857085227,
    0.1938280314207077,
    0.1954393729567528,
    0.19623442143201827,
    0.19686056226491927,
    0.1944699004292488,
    0.1972362816333771,
    0.19679896533489227,
    0.19566176906228067,
    0.19488536417484284,
    0.19502742141485213,
    0.1960001654922962,
    0.19557661265134813,
    0.1965128444135189,
    0.19404615908861161,
    0.1945609599351883,
    0.1937933474779129,
    0.19521007984876632,
    0.19255763292312622,
    0.19743997752666473,
    0.19482912570238115,
    0.19443532079458237,
    0.19355592876672745,
    0.19518984109163284,
    0.1950197584927082,
    0.19436158388853073,
    0.19407657384872437,
    0.19631462097167968,
    0.19394337087869645,
    0.1942324995994568,
    0.19626814499497414,
    0.1949569009244442,
    0.19671785831451416,
    0.19439472556114196,
    0.19356146901845933,
    0.19274468943476677,
    0.19367881566286088,
    0.19283117726445198,
    0.19605397284030915,
    0.1942756935954094,
    0.19224102348089217,
    0.1946579247713089,
    0.19463877975940705,
    0.19195983707904815,
    0.19126690924167633,
    0.19209769666194915,
    0.1954650655388832,
    0.19462895691394805,
    0.19627085626125335,
    0.19548735320568084,
    0.19442867040634154,
    0.19945044219493865,
    0.19453461319208146,
    0.19441280364990235,
    0.19566150158643722,
    0.1966094955801964,
    0.19450200647115706,
    0.19379603564739228,
    0.19510136246681214,
    0.19244557172060012,
    0.19565150737762452,
    0.19617701917886735,
    0.19380418509244918,
    0.19253819286823273,
    0.1931583911180496,
    0.19239190965890884,
    0.19593384861946106,
    0.19219877123832702,
    0.19599013924598693,
    0.19429498463869094,
    0.19448788464069366,
    0.19313310086727142,
    0.193061725795269,
    0.19475455731153488,
    0.1948235362768173
  ],
  "val_loss": [
    0.19317305302247406,
    0.19122720644809305,
    0.19024934796616436,
    0.19445240339264275,
    0.19134598588570953,
    0.19140375964343548,
    0.1921127311885357,
    0.1910737265832722,
    0.19185145352967084,
    0.19394385907799006,
    0.19179334472864867,
    0.1917668353766203,
    0.19207958676852285,
    0.19139304156415166,
    0.19163924693129958,
    0.19235766883939504,
    0.19239010866731404,
    0.19344091545790434,
    0.1924078179523349,
    0.19268695469945668,
    0.1924186006654054,
    0.19094050787389277,
    0.19245230881497263,
    0.19356493200175465,
    0.19313688008114696,
    0.19255002732388676,
    0.19165979828685523,
    0.1938172615598887,
    0.19488290501758457,
    0.19324403954669833,
    0.19588508834131063,
    0.19378549177199603,
    0.19777518156915902,
    0.19813250256702303,
    0.19614345720037818,
    0.19382416582666337,
    0.19714849705342202,
    0.19617628320120276,
    0.193881827685982,
    0.19482505281921475,
    0.1924099690746516,
    0.19300654139369727,
    0.19551279537845404,
    0.19337480613030494,
    0.1942995079793036,
    0.19428082518279552,
    0.1982463768683374,
    0.19812269750982522,
    0.19698722399771212,
    0.195728052360937,
    0.19873353773728014,
    0.19380770111456513,
    0.19166934080421924,
    0.19858458135277032,
    0.19789611054584383,
    0.19130892641842365,
    0.1961178814060986,
    0.19358831983990968,
    0.1934609950054437,
    0.19597763950005173,
    0.19643570645712316,
    0.19673979808576406,
    0.19738495275378226,
    0.1975390317849815,
    0.19762952951714396,
    0.19744456885382533,
    0.19439195860177277,
    0.19723070338368415,
    0.1992247397080064,
    0.19998321328312157,
    0.19181073224171996,
    0.19772593760862947,
    0.20170441623777152,
    0.19595961258746683,
    0.1905226668342948,
    0.18921762304380535,
    0.189286742080003,
    0.18938406063243746,
    0.19065634780563415,
    0.19090887010097504,
    0.19086324474774302,
    0.1915516758337617,
    0.1920869218185544,
    0.19340901635587215,
    0.19506180295720696,
    0.19407811909914016,
    0.19433829989284276,
    0.19679197967052459,
    0.19486668901517987,
    0.19226239454001187,
    0.19472363088279962,
    0.19439051244407893,
    0.19447956634685398,
    0.19375364826992153,
    0.19296206953004003,
    0.19354533567093313,
    0.19471773086115718,
    0.1949669157154858,
    0.1955571281723678,
    0.19190071048215032
  ],