{
  "train": {
    "loss": 0.1945510064368136,
    "RMSE": 1.5571304841798577,
    "MAE": 1.0104755011160234,
    "MAPE": 7521645.837140379,
    "R2": 0.867763426269155,
    "Cmax_pct_err": 19.292184710502625,
    "AUC_pct_err": 23.038172721862793
  },
  "val": {
    "loss": 0.19679197967052459,
    "RMSE": 1.336216243555609,
    "MAE": 0.9361904241700988,
    "MAPE": 768587.9464865014,
    "R2": 0.8780586574999852,
    "Cmax_pct_err": 23.07700365781784,
    "AUC_pct_err": 19.78822648525238
  },
  "test": {
    "loss": 0.19935697950422765,
    "RMSE": 1.2978873118442444,
    "MAE": 0.9131521879189397,
    "MAPE": 4264670.672312038,
    "R2": 0.8736478870818702,
    "Cmax_pct_err": 17.934486269950867,
    "AUC_pct_err": 24.554069340229034
  },
  "best_epoch": 88,
  "n_epochs": 100,
  "n_train_patients": 160,
  "n_val_patients": 20,
  "n_test_patients": 20
}