{
  "mean": [
    68.04430825951275,
    1000.0,
    15.859616318676245,
    2.722967233768459,
    45.021175737415504,
    0.5125
  ],
  "std": [
    17.08846063288731,
    1.0,
    4.934279491176906,
    0.2757562430694367,
    14.477806013137746,
    0.4998437255783052
  ],
  "feature_names": [
    "weight_kg",
    "dose_mg",
    "dose_mg_per_kg",
    "log_dose_mg_per_kg",
    "age_years",
    "sex"
  ]
}