{
  "epoch": [
    1,
    2,
    3,
    4,
    5,
    6,
    7,
    8,
    9,
    10,
    11,
    12,
    13,
    14,
    15,
    16,
    17,
    18,
    19,
    20,
    21,
    22,
    23,
    24,
    25,
    26,
    27,
    28,
    29,
    30,
    31,
    32,
    33,
    34,
    35,
    36,
    37,
    38,
    39,
    40,
    41,
    42,
    43,
    44,
    45,
    46,
    47,
    48,
    49,
    50,
    51,
    52,
    53,
    54,
    55,
    56,
    57,
    58,
    59,
    60,
    61,
    62,
    63,
    64,
    65,
    66,
    67,
    68,
    69,
    70,
    71,
    72,
    73,
    74,
    75,
    76,
    77,
    78,
    79,
    80,
    81,
    82,
    83,
    84,
    85,
    86,
    87,
    88,
    89,
    90,
    91,
    92,
    93,
    94,
    95,
    96,
    97,
    98,
    99,
    100,
    101,
    102,
    103,
    104,
    105,
    106,
    107,
    108,
    109,
    110,
    111,
    112,
    113,
    114,
    115,
    116,
    117,
    118,
    119,
    120,
    121,
    122,
    123,
    124,
    125,
    126,
    127,
    128,
    129,
    130,
    131,
    132,
    133,
    134,
    135,
    136,
    137,
    138,
    139,
    140,
    141,
    142,
    143,
    144,
    145,
    146,
    147,
    148,
    149,
    150,
    151,
    152,
    153,
    154,
    155,
    156,
    157,
    158,
    159,
    160
  ],
  "train_loss": [
    0.11252685412764549,
    0.11397196426987648,
    0.11194973289966584,
    0.11168348491191864,
    0.11268830746412277,
    0.11188305467367173,
    0.11156494580209256,
    0.11085970103740692,
    0.11095925122499466,
    0.11096660643815995,
    0.11342691741883755,
    0.10907001718878746,
    0.11083034127950668,
    0.11014978662133217,
    0.1098371148109436,
    0.1109953612089157,
    0.10948447585105896,
    0.11048050448298455,
    0.10922276005148887,
    0.10776434764266014,
    0.10843911841511726,
    0.1094651147723198,
    0.10825401246547699,
    0.10777074992656707,
    0.10941204875707626,
    0.10916793420910835,
    0.1083703689277172,
    0.10851459726691245,
    0.11048318594694137,
    0.11080312877893447,
    0.10814949199557304,
    0.10898582637310028,
    0.10697193443775177,
    0.1078054167330265,
    0.10707485377788543,
    0.1082118459045887,
    0.10916695445775985,
    0.10670373663306236,
    0.10746399611234665,
    0.1086619846522808,
    0.1072185643017292,
    0.10712740570306778,
    0.10925590619444847,
    0.10716766342520714,
    0.10864716842770576,
    0.10806874707341194,
    0.10759917795658111,
    0.10569718703627587,
    0.10926801934838296,
    0.10754322856664658,
    0.10610900148749351,
    0.10906422808766365,
    0.10991098284721375,
    0.11049704626202583,
    0.10750549808144569,
    0.10745235681533813,
    0.10690495148301124,
    0.10755855515599251,
    0.1060756154358387,
    0.10621888414025307,
    0.1068649172782898,
    0.10677614361047745,
    0.10616077408194542,
    0.1073591411113739,
    0.10741485580801964,
    0.1050656259059906,
    0.10662714838981628,
    0.10569985806941987,
    0.10968872830271721,
    0.10826546028256416,
    0.10811904668807984,
    0.11302723512053489,
    0.10981153622269631,
    0.10777793824672699,
    0.10886217430233955,
    0.10783485770225525,
    0.10976876169443131,
    0.10810762047767639,
    0.10818942934274674,
    0.10729560926556587,
    0.10626499056816101,
    0.10815637335181236,
    0.10365106835961342,
    0.107205880433321,
    0.10642865672707558,
    0.10696342587471008,
    0.10636810734868049,
    0.1046738088130951,
    0.10621971637010574,
    0.10698001682758332,
    0.10627660751342774,
    0.10610371232032775,
    0.10466640815138817,
    0.10628090426325798,
    0.10363739579916001,
    0.10957948639988899,
    0.10745701193809509,
    0.10689164698123932,
    0.11029923222959041,
    0.10684235692024231,
    0.10492937229573726,
    0.10701701864600181,
    0.10266095548868179,
    0.10599742680788041,
    0.1030295468866825,
    0.10402421355247497,
    0.10407876595854759,
    0.1072949469089508,
    0.1055343583226204,
    0.10555599257349968,
    0.10617206618189812,
    0.10437662079930306,
    0.10464113354682922,
    0.10371694043278694,
    0.10984403267502785,
    0.10594981014728547,
    0.1086570754647255,
    0.10465586259961128,
    0.11000278443098069,
    0.10620533302426338,
    0.10575106963515282,
    0.10777540616691113,
    0.10613232105970383,
    0.10854211673140526,
    0.10669569969177246,
    0.10692106485366822,
    0.1081191748380661,
    0.1066745512187481,
    0.10567672327160835,
    0.10298869237303734,
    0.10374940559267998,
    0.1042399451136589,
    0.10456191897392272,
    0.10520243719220161,
    0.10547448992729187,
    0.1027820635586977,
    0.10374887809157371,
    0.10808748975396157,
    0.10466768965125084,
    0.1052983894944191,
    0.1060936227440834,
    0.10718941614031792,
    0.10407445132732392,
    0.10511948242783546,
    0.10454821288585663,
    0.10500560104846954,
    0.10501624569296837,
    0.10631266385316848,
    0.10445193499326706,
    0.10417246147990226,
    0.10357256978750229,
    0.10853798761963844,
    0.1049758180975914,
    0.10405709482729435,
    0.10608048103749752,
    0.10466646961867809,
    0.10524532049894333,
    0.10572287589311599,
    0.10369601771235466,
    0.10640477873384953
  ],