{
  "train": {
    "loss": 0.10707598434964893,
    "RMSE": 0.07811394099794344,
    "MAE": 0.05802372958558822,
    "MAPE": 17.140986412740027,
    "R2": 0.8698110025994288,
    "Cmax_pct_err": 14.677920937538147,
    "AUC_pct_err": 12.994365394115448
  },
  "val": {
    "loss": 0.1355643424205482,
    "RMSE": 0.07987932994937624,
    "MAE": 0.0576056879279769,
    "MAPE": 18.042322910729812,
    "R2": 0.822312501661594,
    "Cmax_pct_err": 15.761274099349976,
    "AUC_pct_err": 13.605795800685883
  },
  "test": {
    "loss": 0.140779463108629,
    "RMSE": 0.11655887211081922,
    "MAE": 0.08803495395727973,
    "MAPE": 22.587842342571776,
    "R2": 0.7867204825732275,
    "Cmax_pct_err": 17.690829932689667,
    "AUC_pct_err": 16.20372235774994
  },
  "best_epoch": 78,
  "n_epochs": 160,
  "n_train_patients": 160,
  "n_val_patients": 20,
  "n_test_patients": 20
}