{
  "epoch": [
    1,
    2,
    3,
    4,
    5,
    6,
    7,
    8,
    9,
    10,
    11,
    12,
    13,
    14,
    15,
    16,
    17
  ],
  "train_loss": [
    0.07100930772721767,
    0.0692828044295311,
    0.06840059831738472,
    0.06771639883518218,
    0.06782343387603759,
    0.06772954389452934,
    0.06773198433220387,
    0.06755918562412262,
    0.06755955517292023,
    0.0675785955041647,
    0.06757876463234425,
    0.06772284805774689,
    0.06762755680829287,
    0.06755220480263233,
    0.06759942844510078,
    0.06761977635324001,
    0.06751242019236088
  ],
  "val_loss": [
    0.06401227179449051,
    0.062455340556334706,
    0.06364005242940038,
    0.0628796271281317,
    0.06284134446177632,
    0.06281859581358731,
    0.06290113010909408,
    0.06286592234391719,
    0.06283160813618452,
    0.06273249490186572,
    0.06275761808501557,
    0.0627362352795899,
    0.06277291037840768,
    0.06280773751204834,
    0.06287230587331578,
    0.06277411989867687,
    0.06282410715939477
  ],
  "val_rmse": [
    0.4544598608953827,
    0.44726832278397155,
    0.4537855945471205,
    0.45068109148813346,
    0.45041691253566496,
    0.45016804606340255,
    0.4502848363076827,
    0.4502211262662695,
    0.4496835433929804,
    0.449378033148341,
    0.4493521998123005,
    0.4498199345426649,
    0.44989320751798045,
    0.44998099355041205,
    0.44947260036177156,
    0.44993340985420477,
    0.44979755715817155
  ]
}