{
  "train": {
    "loss": 0.06756887418741826,
    "RMSE": 0.48123937004176964,
    "MAE": 0.33610128314103,
    "MAPE": 26.268202196074153,
    "R2": 0.9072538107655319,
    "Cmax_pct_err": 13.48942220211029,
    "AUC_pct_err": 13.422662019729614
  },
  "val": {
    "loss": 0.062455340556334706,
    "RMSE": 0.44726832278397155,
    "MAE": 0.3017504758916682,
    "MAPE": 25.503667670950392,
    "R2": 0.919177640792405,
    "Cmax_pct_err": 13.0950927734375,
    "AUC_pct_err": 12.497515976428986
  },
  "test": {
    "loss": 0.08509747494244949,
    "RMSE": 0.4449347471790743,
    "MAE": 0.3168659003682618,
    "MAPE": 20.930033802563862,
    "R2": 0.8707756516276923,
    "Cmax_pct_err": 15.052111446857452,
    "AUC_pct_err": 12.800732254981995
  },
  "best_epoch": 2,
  "n_epochs": 17,
  "n_train_patients": 160,
  "n_val_patients": 20,
  "n_test_patients": 20
}