{
  "epoch": [
    1,
    2,
    3,
    4,
    5,
    6,
    7,
    8,
    9,
    10,
    11,
    12,
    13,
    14,
    15,
    16
  ],
  "train_loss": [
    0.12165674343705177,
    0.11954688057303428,
    0.11861327886581421,
    0.11795783415436745,
    0.11725925356149673,
    0.11599236726760864,
    0.11524883359670639,
    0.11565508544445038,
    0.11491485163569451,
    0.11457312926650047,
    0.11598240435123444,
    0.11390588730573654,
    0.11400181651115418,
    0.11338277906179428,
    0.11294570863246918,
    0.11415014564990997
  ],
  "val_loss": [
    0.1637852040119469,
    0.16595492511987686,
    0.16540719661861658,
    0.17121786810457706,
    0.173863085731864,
    0.17487787464633583,
    0.17178789526224136,
    0.17514078868553043,
    0.17471533305943013,
    0.17358849681913852,
    0.17622382715344428,
    0.17872053338214755,
    0.1764211636967957,
    0.1756016190163791,
    0.17989705731160938,
    0.17832631217315792
  ],
  "val_rmse": [
    7.16838007458873e-05,
    7.260338894372628e-05,
    7.34052520661622e-05,
    7.347759913953725e-05,
    7.377160758151556e-05,
    7.423083191841304e-05,
    7.393034867444403e-05,
    7.395401268480246e-05,
    7.438910211876833e-05,
    7.403733376338104e-05,
    7.413579978215178e-05,
    7.484928658210131e-05,
    7.46084688678812e-05,
    7.49875113554189e-05,
    7.527594525366485e-05,
    7.437119619480262e-05
  ]
}