{
  "train": {
    "loss": 0.11869395175017416,
    "RMSE": 7.425969527372361e-05,
    "MAE": 5.0182532492671113e-05,
    "MAPE": 19.983467187437093,
    "R2": 0.7218302293237229,
    "Cmax_pct_err": 18.58849823474884,
    "AUC_pct_err": 16.428649425506592
  },
  "val": {
    "loss": 0.1637852040119469,
    "RMSE": 7.16838007458873e-05,
    "MAE": 5.6910128683916274e-05,
    "MAPE": 24.687631534597024,
    "R2": 0.674487266221245,
    "Cmax_pct_err": 23.24676513671875,
    "AUC_pct_err": 21.729011833667755
  },
  "test": {
    "loss": 0.15937862708233297,
    "RMSE": 7.968242196213533e-05,
    "MAE": 5.80709196696078e-05,
    "MAPE": 24.759439072628638,
    "R2": 0.7654332999339857,
    "Cmax_pct_err": 24.302737414836884,
    "AUC_pct_err": 21.206822991371155
  },
  "best_epoch": 1,
  "n_epochs": 16,
  "n_train_patients": 160,
  "n_val_patients": 20,
  "n_test_patients": 20
}