{
  "epoch": [
    1,
    2,
    3,
    4,
    5,
    6,
    7,
    8,
    9,
    10,
    11,
    12,
    13,
    14,
    15,
    16,
    17
  ],
  "train_loss": [
    0.14818265959620475,
    0.1418943703174591,
    0.14261819124221803,
    0.1404718279838562,
    0.13929134011268615,
    0.13968166187405587,
    0.13809652775526046,
    0.1383296251296997,
    0.13687906116247178,
    0.13741770535707473,
    0.13770094960927964,
    0.13683985099196433,
    0.13689651265740393,
    0.13861239552497864,
    0.13556403517723084,
    0.13654256016016006,
    0.13638348132371902
  ],
  "val_loss": [
    0.15116320978850126,
    0.14231536211445928,
    0.14473852794617414,
    0.14726894693449138,
    0.14552850006148219,
    0.14707392109557987,
    0.14698496088385582,
    0.14717171490192413,
    0.14684414686635136,
    0.14769137436524032,
    0.14878894221037625,
    0.1485018339008093,
    0.14797850623726844,
    0.14744029510766268,
    0.14876815639436244,
    0.1491576218046248,
    0.14901649076491594
  ],
  "val_rmse": [
    0.0055717266777325644,
    0.0053045534569897725,
    0.005429481622388732,
    0.005483259223600348,
    0.005393507061133083,
    0.005455962873295533,
    0.005438675948091802,
    0.005419482848271135,
    0.005429883089968543,
    0.005469085197052369,
    0.005475843413101964,
    0.005457208703381599,
    0.005407402527427321,
    0.005435453727106789,
    0.005444980611876465,
    0.005416553299033762,
    0.0054355304736930015
  ]
}