{
  "train": {
    "loss": 0.14138446226716042,
    "RMSE": 0.00452977128206119,
    "MAE": 0.0027823828009348847,
    "MAPE": 15401.798237960864,
    "R2": 0.8673905608268577,
    "Cmax_pct_err": 17.471003532409668,
    "AUC_pct_err": 22.226031124591827
  },
  "val": {
    "loss": 0.14231536211445928,
    "RMSE": 0.0053045534569897725,
    "MAE": 0.003000909620792177,
    "MAPE": 26645.941304643104,
    "R2": 0.8536461177522604,
    "Cmax_pct_err": 15.560001134872437,
    "AUC_pct_err": 24.18161928653717
  },
  "test": {
    "loss": 0.07858911263756455,
    "RMSE": 0.0032341922551353238,
    "MAE": 0.0019428416194872584,
    "MAPE": 6726.028686816731,
    "R2": 0.919723995316443,
    "Cmax_pct_err": 11.57865896821022,
    "AUC_pct_err": 16.65760576725006
  },
  "best_epoch": 2,
  "n_epochs": 17,
  "n_train_patients": 160,
  "n_val_patients": 20,
  "n_test_patients": 20
}