{
  "epoch": [
    1,
    2,
    3,
    4,
    5,
    6,
    7,
    8,
    9,
    10,
    11,
    12,
    13,
    14,
    15,
    16,
    17,
    18,
    19,
    20,
    21,
    22,
    23,
    24,
    25,
    26,
    27,
    28,
    29,
    30,
    31,
    32,
    33,
    34,
    35,
    36,
    37,
    38,
    39,
    40,
    41,
    42,
    43,
    44,
    45,
    46,
    47,
    48,
    49,
    50,
    51,
    52,
    53,
    54,
    55,
    56,
    57,
    58,
    59,
    60,
    61,
    62,
    63,
    64,
    65,
    66,
    67,
    68,
    69,
    70,
    71,
    72,
    73,
    74,
    75,
    76,
    77,
    78,
    79,
    80,
    81,
    82,
    83,
    84,
    85,
    86,
    87,
    88,
    89,
    90,
    91,
    92,
    93,
    94,
    95,
    96,
    97,
    98,
    99,
    100
  ],
  "train_loss": [
    0.12263490930199623,
    0.12000787258148193,
    0.12182206138968468,
    0.1198366902768612,
    0.12014380097389221,
    0.11972883343696594,
    0.12059827968478203,
    0.12012825831770897,
    0.11963702589273453,
    0.12018980756402016,
    0.11941948384046555,
    0.11938814371824265,
    0.11927621886134147,
    0.1188417624682188,
    0.11954191140830517,
    0.11945475041866302,
    0.11913987658917904,
    0.11966047249734402,
    0.12085829488933086,
    0.119463000446558,
    0.11949250623583793,
    0.11919687129557133,
    0.11919637471437454,
    0.11958500072360038,
    0.11881123706698418,
    0.11889350339770317,
    0.11885808780789375,
    0.11864544302225113,
    0.11885765120387078,
    0.11859531477093696,
    0.11854328066110612,
    0.11870486736297607,
    0.11781875565648078,
    0.11976250782608985,
    0.11859332695603371,
    0.11988218352198601,
    0.12358822226524353,
    0.12004432901740074,
    0.11936380602419376,
    0.1193084605038166,
    0.11966793984174728,
    0.11894795894622803,
    0.11945479065179825,
    0.11809309795498849,
    0.11738514974713325,
    0.12106373384594918,
    0.12032152786850929,
    0.11908450946211815,
    0.11823910474777222,
    0.11835354045033455,
    0.1197846069931984,
    0.1191149778664112,
    0.1193265974521637,
    0.1185921423137188,
    0.11858606338500977,
    0.11802241578698158,
    0.11785263195633888,
    0.11942082680761815,
    0.1195760652422905,
    0.11892340779304504,
    0.11684728786349297,
    0.11726229414343833,
    0.11779116690158845,
    0.11709330715239048,
    0.1215298105031252,
    0.11969848051667213,
    0.12028477564454079,
    0.11966576464474202,
    0.1196226179599762,
    0.11958667784929275,
    0.11962679028511047,
    0.11988407373428345,
    0.11963630765676499,
    0.11963631361722946,
    0.119583360850811,
    0.11960669308900833,
    0.11986560523509979,
    0.1196204513311386,
    0.11979025118052959,
    0.11999412551522255,
    0.11974904872477055,
    0.11995146721601486,
    0.11968159973621369,
    0.11964185312390327,
    0.11967638656497001,
    0.1196367897093296,
    0.11966085582971572,
    0.11958401650190353,
    0.1197839505970478,
    0.11963188722729683,
    0.11963178887963295,
    0.1198752287775278,
    0.11971143856644631,
    0.11960647106170655,
    0.11963878422975541,
    0.11971293166279792,
    0.11963440924882889,
    0.11962328329682351,
    0.11977246925234794,
    0.11983842253684998
  ],
  "val_loss": [
    0.1604564600624144,
    0.1677022541873157,
    0.1680645041167736,
    0.1602221871726215,
    0.16764676785096527,
    0.16473766481503843,
    0.16409059120342134,
    0.16908629266545178,
    0.16451474847272038,
    0.16205714652314782,
    0.16510360389947892,
    0.1638753323815763,
    0.1648631364107132,
    0.1637893167324364,
    0.16142722303047777,
    0.1669104231521487,
    0.16580859767273068,
    0.16798476008698343,
    0.17217648392543197,
    0.16120276385918259,
    0.1657319008372724,
    0.16466874377802015,
    0.1656533575616777,
    0.1685397661291063,
    0.1657122503966093,
    0.16715861251577735,
    0.16444102078676223,
    0.16604500748217105,
    0.16672343276441098,
    0.1660158099606633,
    0.17041158573701978,
    0.1684095581062138,
    0.16963897002860903,
    0.17358435336500405,
    0.16961589325219392,
    0.16401778245344759,
    0.17360022626817226,
    0.1680108836852014,
    0.16473708916455507,
    0.16337958723306656,
    0.1619862866587937,
    0.16406001457944513,
    0.16311698146164416,
    0.16764018628746272,
    0.1656802157871425,
    0.17638567178510128,
    0.17007579170167447,
    0.16718099638819695,
    0.16420278726145626,
    0.16366790793836117,
    0.1675509385764599,
    0.1717378615401685,
    0.16851395461708307,
    0.16529524037614465,
    0.1677992597222328,
    0.1700032763183117,
    0.1696461166255176,
    0.1664103482849896,
    0.16648010639473795,
    0.16996544785797596,
    0.17048199083656074,
    0.16962087778374552,
    0.16962557369843126,
    0.17149068955332042,
    0.17474844250828028,
    0.17161176539957523,
    0.167724131885916,
    0.16653285976499319,
    0.1635423325933516,
    0.16325108520686626,
    0.1642346227541566,
    0.16481343228369952,
    0.1632359285838902,
    0.1641876321285963,
    0.163533116877079,
    0.16364948460832238,
    0.16315747397020458,
    0.16467552995309234,
    0.16404256485402585,
    0.16621591737493874,
    0.16429259143769742,
    0.1632285605184734,
    0.16497194776311516,
    0.1644937119446695,
    0.16483563249930738,
    0.1640867861919105,
    0.16404814394190909,
    0.16423591626808048,
    0.16326610632240773,
    0.16463343175128103,
    0.16479674335569144,
    0.16414917055517436,
    0.1655002293176949,
    0.1645040820352733,
    0.1641177125275135,
    0.16316960724070667,
    0.16436670301482081,
    0.16430637426674366,
    0.16497411653399469,
    0.16600145110860468
  ],