{
  "train": {
    "loss": 0.11987253633415093,
    "RMSE": 7.590259616041161e-05,
    "MAE": 5.106730013933288e-05,
    "MAPE": 20.072736666589268,
    "R2": 0.7093857750045466,
    "Cmax_pct_err": 18.76150071620941,
    "AUC_pct_err": 16.478881239891052
  },
  "val": {
    "loss": 0.1604564600624144,
    "RMSE": 7.173639579890402e-05,
    "MAE": 5.668528029746976e-05,
    "MAPE": 24.33140535364018,
    "R2": 0.6740094277139724,
    "Cmax_pct_err": 22.920937836170197,
    "AUC_pct_err": 21.48287743330002
  },
  "test": {
    "loss": 0.1540646402630955,
    "RMSE": 7.890531778182798e-05,
    "MAE": 5.807184382816261e-05,
    "MAPE": 24.529335200095392,
    "R2": 0.7699862214149296,
    "Cmax_pct_err": 24.118271470069885,
    "AUC_pct_err": 21.043546497821808
  },
  "best_epoch": 1,
  "n_epochs": 100,
  "n_train_patients": 160,
  "n_val_patients": 20,
  "n_test_patients": 20
}