{
  "mean": [
    71.57071806049548,
    0.25,
    0.0036581363594452797,
    45.07042547538178,
    0.55625
  ],
  "std": [
    14.264750508161613,
    1.0,
    0.0008808958356258601,
    14.931313450201188,
    0.49682586235018
  ],
  "feature_names": [
    "weight_kg",
    "dose_mg",
    "dose_mgkg",
    "age_years",
    "sex"
  ]
}