{
  "train": {
    "loss": 0.3482450068824821,
    "rmse": 1.268889429867122,
    "mae": 0.9366309669884768
  },
  "val": {
    "loss": 2.347228224078814,
    "rmse": 1.5514863025472332,
    "mae": 1.3677697899666699
  },
  "all": {
    "loss": 0.8479908111815652,
    "rmse": 1.3451162498718479,
    "mae": 1.0444156727330252
  },
  "n_epochs_trained": 251
}