{
  "mean": [
    313.93333333333334,
    70.24444444444445,
    4.5633333333333335
  ],
  "std": [
    16.305365170192708,
    9.05871110664096,
    0.7369456485310765
  ]
}